;fit_time;score_time;test_roc_auc;test_precision;test_recall;repeat;fold;features;model
0;0.5184366703033447;0.1313784122467041;0.5;0.3333333333333333;0.25;0;0;eeg_model_merged;rf
1;0.5120072364807129;0.1060936450958252;0.8333333333333334;0.6666666666666666;1.0;0;1;eeg_model_merged;rf
2;0.5106205940246582;0.10524821281433105;0.16666666666666669;0.0;0.0;0;2;eeg_model_merged;rf
3;0.5104115009307861;0.12035799026489258;0.7500000000000001;0.75;0.75;0;3;eeg_model_merged;rf
4;0.5120670795440674;0.10625553131103516;0.6666666666666667;0.5;0.25;0;4;eeg_model_merged;rf
5;0.507082462310791;0.10625314712524414;0.25;0.5;0.5;1;0;eeg_model_merged;rf
6;0.5102462768554688;0.10616350173950195;0.6666666666666667;0.5;0.5;1;1;eeg_model_merged;rf
7;0.5219638347625732;0.10631418228149414;0.6666666666666667;0.6666666666666666;0.5;1;2;eeg_model_merged;rf
8;0.5114083290100098;0.10583209991455078;0.6666666666666667;0.6666666666666666;0.5;1;3;eeg_model_merged;rf
9;0.51076340675354;0.10605239868164062;0.75;0.6666666666666666;1.0;1;4;eeg_model_merged;rf
10;0.5101990699768066;0.10536050796508789;0.9166666666666667;0.8;1.0;2;0;eeg_model_merged;rf
11;0.5097532272338867;0.10571718215942383;0.6666666666666667;0.6666666666666666;0.5;2;1;eeg_model_merged;rf
12;0.5111353397369385;0.10591506958007812;0.6666666666666667;0.6666666666666666;0.5;2;2;eeg_model_merged;rf
13;0.5125870704650879;0.10535621643066406;0.6666666666666667;0.6;0.75;2;3;eeg_model_merged;rf
14;0.509894847869873;0.10531067848205566;0.8333333333333334;0.6;0.75;2;4;eeg_model_merged;rf
15;0.510169267654419;0.10537195205688477;0.6666666666666667;0.6;0.75;3;0;eeg_model_merged;rf
16;0.5102508068084717;0.10643720626831055;1.0;1.0;0.75;3;1;eeg_model_merged;rf
17;0.5102801322937012;0.12903928756713867;0.41666666666666663;0.5;0.5;3;2;eeg_model_merged;rf
18;0.5112113952636719;0.10588502883911133;0.5;0.6666666666666666;1.0;3;3;eeg_model_merged;rf
19;0.510704517364502;0.10578703880310059;0.75;0.6;0.75;3;4;eeg_model_merged;rf
20;0.5102970600128174;0.1053307056427002;0.7083333333333334;0.75;0.75;4;0;eeg_model_merged;rf
21;0.5109105110168457;0.10591244697570801;0.9166666666666667;1.0;0.5;4;1;eeg_model_merged;rf
22;0.5068366527557373;0.10727286338806152;0.16666666666666669;0.5714285714285714;1.0;4;2;eeg_model_merged;rf
23;0.5100092887878418;0.10692191123962402;0.6666666666666667;0.6666666666666666;0.5;4;3;eeg_model_merged;rf
24;0.5107934474945068;0.10617637634277344;0.7500000000000001;0.6666666666666666;0.5;4;4;eeg_model_merged;rf
25;0.5089614391326904;0.1071469783782959;0.41666666666666663;0.6;0.75;5;0;eeg_model_merged;rf
26;0.5126733779907227;0.10588812828063965;0.8333333333333334;0.6;0.75;5;1;eeg_model_merged;rf
27;0.5103311538696289;0.10568833351135254;0.5;1.0;0.25;5;2;eeg_model_merged;rf
28;0.5104019641876221;0.10603976249694824;0.6666666666666667;0.6;0.75;5;3;eeg_model_merged;rf
29;0.5122494697570801;0.10596275329589844;0.6666666666666667;0.75;0.75;5;4;eeg_model_merged;rf
30;0.512484073638916;0.10507893562316895;0.7500000000000001;0.8;1.0;6;0;eeg_model_merged;rf
31;0.5109350681304932;0.10580658912658691;0.9166666666666667;0.6666666666666666;1.0;6;1;eeg_model_merged;rf
32;0.5093402862548828;0.13303279876708984;0.6666666666666667;0.8;1.0;6;2;eeg_model_merged;rf
33;0.5110938549041748;0.10514688491821289;0.75;0.6666666666666666;0.5;6;3;eeg_model_merged;rf
34;0.5117361545562744;0.1055762767791748;0.25;0.5;0.5;6;4;eeg_model_merged;rf
35;0.5088779926300049;0.10567903518676758;0.625;0.6;0.75;7;0;eeg_model_merged;rf
36;0.5093960762023926;0.10557031631469727;0.8333333333333334;0.6666666666666666;1.0;7;1;eeg_model_merged;rf
37;0.5107474327087402;0.10564208030700684;0.8333333333333334;0.6666666666666666;0.5;7;2;eeg_model_merged;rf
38;0.5094904899597168;0.1056528091430664;0.5833333333333334;0.5;0.5;7;3;eeg_model_merged;rf
39;0.5105504989624023;0.10545539855957031;0.5833333333333334;0.6666666666666666;0.5;7;4;eeg_model_merged;rf
40;0.5112605094909668;0.1060645580291748;0.4166666666666667;0.3333333333333333;0.25;8;0;eeg_model_merged;rf
41;0.5122580528259277;0.10563898086547852;0.8333333333333334;1.0;0.5;8;1;eeg_model_merged;rf
42;0.5110061168670654;0.10615658760070801;0.6666666666666667;0.5714285714285714;1.0;8;2;eeg_model_merged;rf
43;0.5108871459960938;0.10593128204345703;0.75;0.6;0.75;8;3;eeg_model_merged;rf
44;0.5123050212860107;0.10624051094055176;1.0;1.0;1.0;8;4;eeg_model_merged;rf
45;0.5117247104644775;0.1052858829498291;0.75;0.6666666666666666;0.5;9;0;eeg_model_merged;rf
46;0.5111849308013916;0.10627126693725586;1.0;1.0;0.5;9;1;eeg_model_merged;rf
47;0.5112106800079346;0.1061544418334961;0.5833333333333334;0.6666666666666666;1.0;9;2;eeg_model_merged;rf
48;0.5098264217376709;0.10660195350646973;0.5;0.5;0.75;9;3;eeg_model_merged;rf
49;0.5111231803894043;0.10616517066955566;0.75;0.6;0.75;9;4;eeg_model_merged;rf
50;0.5104506015777588;0.10654449462890625;0.25;0.6;0.75;10;0;eeg_model_merged;rf
51;0.5099806785583496;0.10627865791320801;0.6666666666666667;0.5;0.25;10;1;eeg_model_merged;rf
52;0.5120382308959961;0.1323544979095459;0.7500000000000001;0.8;1.0;10;2;eeg_model_merged;rf
53;0.507965087890625;0.1060934066772461;0.7500000000000001;0.6666666666666666;1.0;10;3;eeg_model_merged;rf
54;0.5107908248901367;0.10621356964111328;0.6666666666666666;0.75;0.75;10;4;eeg_model_merged;rf
55;0.5100915431976318;0.10552048683166504;0.6666666666666667;0.8;1.0;11;0;eeg_model_merged;rf
56;0.5094602108001709;0.10616350173950195;0.25;0.5;0.75;11;1;eeg_model_merged;rf
57;0.5101504325866699;0.10546326637268066;0.8333333333333334;0.75;0.75;11;2;eeg_model_merged;rf
58;0.5109541416168213;0.10600829124450684;0.5833333333333334;0.6666666666666666;0.5;11;3;eeg_model_merged;rf
59;0.5100576877593994;0.1060020923614502;0.5;0.4;0.5;11;4;eeg_model_merged;rf
60;0.5107686519622803;0.1063692569732666;0.5;0.5;0.5;12;0;eeg_model_merged;rf
61;0.510380744934082;0.10592389106750488;0.4166666666666667;0.5;0.5;12;1;eeg_model_merged;rf
62;0.5109469890594482;0.10627532005310059;0.7500000000000001;1.0;0.25;12;2;eeg_model_merged;rf
63;0.5115985870361328;0.1062312126159668;0.6666666666666667;0.8;1.0;12;3;eeg_model_merged;rf
64;0.5118386745452881;0.10583782196044922;0.5833333333333333;0.5714285714285714;1.0;12;4;eeg_model_merged;rf
65;0.5099503993988037;0.10548019409179688;0.0;0.4;0.5;13;0;eeg_model_merged;rf
66;0.5108764171600342;0.10603928565979004;0.6666666666666667;0.6;0.75;13;1;eeg_model_merged;rf
67;0.5117425918579102;0.10599303245544434;1.0;1.0;1.0;13;2;eeg_model_merged;rf
68;0.5104174613952637;0.10604333877563477;0.9583333333333334;0.8;1.0;13;3;eeg_model_merged;rf
69;0.5114800930023193;0.10637474060058594;0.5;0.6666666666666666;1.0;13;4;eeg_model_merged;rf
70;0.5369303226470947;0.1058499813079834;0.6666666666666666;0.6666666666666666;0.5;14;0;eeg_model_merged;rf
71;0.5127668380737305;0.10562682151794434;0.6666666666666667;0.6;0.75;14;1;eeg_model_merged;rf
72;0.512916088104248;0.10603785514831543;0.25;0.4;0.5;14;2;eeg_model_merged;rf
73;0.5103049278259277;0.10547280311584473;0.7500000000000001;0.8;1.0;14;3;eeg_model_merged;rf
74;0.5104579925537109;0.10570859909057617;1.0;1.0;0.75;14;4;eeg_model_merged;rf
75;0.5106093883514404;0.10535693168640137;0.5833333333333334;0.5;0.5;15;0;eeg_model_merged;rf
76;0.5101993083953857;0.10609602928161621;0.75;0.75;0.75;15;1;eeg_model_merged;rf
77;0.5106749534606934;0.10501551628112793;0.8333333333333334;0.8;1.0;15;2;eeg_model_merged;rf
78;0.5078630447387695;0.10486721992492676;0.7500000000000001;0.75;0.75;15;3;eeg_model_merged;rf
79;0.5059974193572998;0.10522818565368652;0.6666666666666667;0.6;0.75;15;4;eeg_model_merged;rf
80;0.505859375;0.10490226745605469;0.4166666666666667;0.6;0.75;16;0;eeg_model_merged;rf
81;0.5062980651855469;0.10522055625915527;0.8333333333333334;0.75;0.75;16;1;eeg_model_merged;rf
82;0.5062117576599121;0.10519099235534668;0.8333333333333334;0.6;0.75;16;2;eeg_model_merged;rf
83;0.5126943588256836;0.10513663291931152;0.75;1.0;0.75;16;3;eeg_model_merged;rf
84;0.5067722797393799;0.10482645034790039;0.7500000000000001;0.8;1.0;16;4;eeg_model_merged;rf
85;0.5460231304168701;0.10511493682861328;1.0;1.0;0.75;17;0;eeg_model_merged;rf
86;0.5190780162811279;0.10430455207824707;0.5;0.3333333333333333;0.25;17;1;eeg_model_merged;rf
87;0.5061790943145752;0.10860466957092285;0.7500000000000001;0.5714285714285714;1.0;17;2;eeg_model_merged;rf
88;0.5054037570953369;0.1044607162475586;0.16666666666666669;0.5714285714285714;1.0;17;3;eeg_model_merged;rf
89;0.5060875415802002;0.10439324378967285;1.0;1.0;0.5;17;4;eeg_model_merged;rf
90;0.5066628456115723;0.10445237159729004;0.5833333333333333;0.6;0.75;18;0;eeg_model_merged;rf
91;0.5062074661254883;0.10469198226928711;0.5833333333333334;0.6;0.75;18;1;eeg_model_merged;rf
92;0.505821704864502;0.10445404052734375;0.8333333333333334;0.8;1.0;18;2;eeg_model_merged;rf
93;0.5042064189910889;0.10480046272277832;0.5;0.0;0.0;18;3;eeg_model_merged;rf
94;0.5150394439697266;0.10585832595825195;0.7500000000000001;0.6666666666666666;1.0;18;4;eeg_model_merged;rf
95;0.5253658294677734;0.11194467544555664;0.7500000000000001;1.0;0.25;19;0;eeg_model_merged;rf
96;0.5164473056793213;0.10537528991699219;0.16666666666666669;0.5;0.5;19;1;eeg_model_merged;rf
97;0.510887861251831;0.10514950752258301;0.6666666666666667;0.6;0.75;19;2;eeg_model_merged;rf
98;0.5119650363922119;0.10510373115539551;0.6666666666666667;0.6666666666666666;1.0;19;3;eeg_model_merged;rf
99;0.5109951496124268;0.12934064865112305;0.5833333333333334;0.6;0.75;19;4;eeg_model_merged;rf
100;0.5102972984313965;0.10439538955688477;0.25;0.5;0.75;20;0;eeg_model_merged;rf
101;0.5131723880767822;0.10508394241333008;1.0;1.0;0.75;20;1;eeg_model_merged;rf
102;0.5098674297332764;0.10573554039001465;1.0;0.8;1.0;20;2;eeg_model_merged;rf
103;0.5116326808929443;0.1056826114654541;0.33333333333333337;0.6;0.75;20;3;eeg_model_merged;rf
104;0.5109970569610596;0.10516166687011719;0.5833333333333334;0.5;0.5;20;4;eeg_model_merged;rf
105;0.5112390518188477;0.10525798797607422;0.33333333333333337;0.3333333333333333;0.25;21;0;eeg_model_merged;rf
106;0.5108146667480469;0.10588860511779785;0.6666666666666667;0.6666666666666666;1.0;21;1;eeg_model_merged;rf
107;0.511303186416626;0.10660743713378906;0.7500000000000001;0.75;0.75;21;2;eeg_model_merged;rf
108;0.5107245445251465;0.10637283325195312;0.5;0.6666666666666666;0.5;21;3;eeg_model_merged;rf
109;0.5115599632263184;0.10573387145996094;1.0;1.0;0.75;21;4;eeg_model_merged;rf
110;0.5115013122558594;0.10561084747314453;0.6666666666666667;0.6666666666666666;0.5;22;0;eeg_model_merged;rf
111;0.511864185333252;0.10660314559936523;0.5833333333333334;0.6;0.75;22;1;eeg_model_merged;rf
112;0.5093224048614502;0.10575151443481445;0.8333333333333334;0.6666666666666666;0.5;22;2;eeg_model_merged;rf
113;0.5110909938812256;0.10651588439941406;0.33333333333333337;0.4;0.5;22;3;eeg_model_merged;rf
114;0.5109264850616455;0.10611796379089355;0.6666666666666667;0.6666666666666666;1.0;22;4;eeg_model_merged;rf
115;0.5136878490447998;0.1057896614074707;0.8333333333333334;0.6666666666666666;0.5;23;0;eeg_model_merged;rf
116;0.5093748569488525;0.10646438598632812;0.5;0.5;0.25;23;1;eeg_model_merged;rf
117;0.5114517211914062;0.10565495491027832;0.6666666666666667;0.6;0.75;23;2;eeg_model_merged;rf
118;0.5116355419158936;0.1059720516204834;0.33333333333333337;0.5;0.5;23;3;eeg_model_merged;rf
119;0.5124375820159912;0.13009309768676758;0.9166666666666667;0.6666666666666666;1.0;23;4;eeg_model_merged;rf
120;0.5105838775634766;0.10520601272583008;0.5;0.5714285714285714;1.0;24;0;eeg_model_merged;rf
121;0.5115587711334229;0.10555768013000488;0.5;0.5;0.5;24;1;eeg_model_merged;rf
122;0.510333776473999;0.10596346855163574;0.6666666666666667;0.6666666666666666;0.5;24;2;eeg_model_merged;rf
123;0.5109987258911133;0.1056206226348877;0.33333333333333337;0.5;0.75;24;3;eeg_model_merged;rf
124;0.5124690532684326;0.1060481071472168;1.0;1.0;1.0;24;4;eeg_model_merged;rf
125;0.5100483894348145;0.10450863838195801;0.5;0.6666666666666666;1.0;25;0;eeg_model_merged;rf
126;0.5097825527191162;0.1061856746673584;0.5833333333333334;0.0;0.0;25;1;eeg_model_merged;rf
127;0.5115101337432861;0.10631585121154785;0.7500000000000001;0.6666666666666666;0.5;25;2;eeg_model_merged;rf
128;0.5121622085571289;0.10552024841308594;0.6666666666666667;0.6666666666666666;1.0;25;3;eeg_model_merged;rf
129;0.5095243453979492;0.10597729682922363;0.4166666666666667;0.4;0.5;25;4;eeg_model_merged;rf
130;0.5122733116149902;0.10563063621520996;0.33333333333333337;0.6;0.75;26;0;eeg_model_merged;rf
131;0.5114741325378418;0.10591459274291992;0.5833333333333333;0.5;0.75;26;1;eeg_model_merged;rf
132;0.5109307765960693;0.10595083236694336;0.8333333333333334;1.0;0.5;26;2;eeg_model_merged;rf
133;0.5115921497344971;0.10637164115905762;1.0;1.0;0.75;26;3;eeg_model_merged;rf
134;0.5118160247802734;0.10576891899108887;0.75;0.6;0.75;26;4;eeg_model_merged;rf
135;0.511432409286499;0.1054835319519043;0.8333333333333334;0.6666666666666666;1.0;27;0;eeg_model_merged;rf
136;0.5115156173706055;0.1058356761932373;0.6666666666666667;0.75;0.75;27;1;eeg_model_merged;rf
137;0.5360701084136963;0.10608124732971191;0.5833333333333334;0.5;0.5;27;2;eeg_model_merged;rf
138;0.5114574432373047;0.10588669776916504;0.5833333333333334;0.6;0.75;27;3;eeg_model_merged;rf
139;0.5095996856689453;0.10572957992553711;0.8333333333333334;0.6666666666666666;0.5;27;4;eeg_model_merged;rf
140;0.5123212337493896;0.10520291328430176;0.5;0.6;0.75;28;0;eeg_model_merged;rf
141;0.5126776695251465;0.10547137260437012;0.16666666666666669;0.25;0.25;28;1;eeg_model_merged;rf
142;0.5134158134460449;0.1061093807220459;1.0;1.0;0.75;28;2;eeg_model_merged;rf
143;0.5104098320007324;0.10577535629272461;0.75;0.75;0.75;28;3;eeg_model_merged;rf
144;0.5103487968444824;0.10586094856262207;0.75;0.6;0.75;28;4;eeg_model_merged;rf
145;0.5135352611541748;0.10601472854614258;0.5;0.6;0.75;29;0;eeg_model_merged;rf
146;0.5110313892364502;0.1061251163482666;0.33333333333333337;0.5;0.75;29;1;eeg_model_merged;rf
147;0.5104553699493408;0.10559916496276855;0.5833333333333334;0.5;0.5;29;2;eeg_model_merged;rf
148;0.5102970600128174;0.10597872734069824;0.8333333333333334;1.0;0.5;29;3;eeg_model_merged;rf
149;0.5120508670806885;0.10540032386779785;0.8333333333333334;0.75;0.75;29;4;eeg_model_merged;rf
150;0.5099537372589111;0.10778212547302246;0.25;0.5714285714285714;1.0;30;0;eeg_model_merged;rf
151;0.5095086097717285;0.10649347305297852;0.41666666666666663;0.5;0.75;30;1;eeg_model_merged;rf
152;0.5361764430999756;0.10580325126647949;0.9166666666666667;1.0;0.25;30;2;eeg_model_merged;rf
153;0.5115532875061035;0.10557222366333008;0.4166666666666667;0.6;0.75;30;3;eeg_model_merged;rf
154;0.5112857818603516;0.1063237190246582;0.6666666666666667;0.5;0.25;30;4;eeg_model_merged;rf
155;0.5100803375244141;0.10495543479919434;0.5;0.6666666666666666;1.0;31;0;eeg_model_merged;rf
156;0.5121402740478516;0.10621452331542969;0.75;0.6;0.75;31;1;eeg_model_merged;rf
157;0.5111503601074219;0.10573005676269531;1.0;1.0;0.5;31;2;eeg_model_merged;rf
158;0.5113956928253174;0.10523843765258789;0.7916666666666666;0.6666666666666666;0.5;31;3;eeg_model_merged;rf
159;0.51177978515625;0.10525155067443848;0.3333333333333333;0.5;0.75;31;4;eeg_model_merged;rf
160;0.5113141536712646;0.10487055778503418;0.8333333333333334;0.6666666666666666;0.5;32;0;eeg_model_merged;rf
161;0.5195648670196533;0.10508036613464355;0.5;0.5;0.5;32;1;eeg_model_merged;rf
162;0.5107758045196533;0.10580778121948242;0.4166666666666667;0.4;0.5;32;2;eeg_model_merged;rf
163;0.5112285614013672;0.10603022575378418;0.41666666666666663;0.5714285714285714;1.0;32;3;eeg_model_merged;rf
164;0.5128142833709717;0.10594964027404785;1.0;1.0;1.0;32;4;eeg_model_merged;rf
165;0.5111079216003418;0.10479521751403809;0.6666666666666667;0.75;0.75;33;0;eeg_model_merged;rf
166;0.509911060333252;0.12950515747070312;0.6666666666666667;0.6666666666666666;0.5;33;1;eeg_model_merged;rf
167;0.5110671520233154;0.10524177551269531;1.0;1.0;0.75;33;2;eeg_model_merged;rf
168;0.5105447769165039;0.10501933097839355;0.41666666666666663;0.5714285714285714;1.0;33;3;eeg_model_merged;rf
169;0.5223240852355957;0.10511970520019531;0.7083333333333333;0.5714285714285714;1.0;33;4;eeg_model_merged;rf
170;0.5082640647888184;0.10512232780456543;0.6666666666666667;0.75;0.75;34;0;eeg_model_merged;rf
171;0.5088262557983398;0.10445570945739746;0.5;0.5;0.5;34;1;eeg_model_merged;rf
172;0.5101008415222168;0.10464644432067871;0.8333333333333334;0.75;0.75;34;2;eeg_model_merged;rf
173;0.5098676681518555;0.1041867733001709;0.6666666666666667;0.75;0.75;34;3;eeg_model_merged;rf
174;0.5094411373138428;0.10775399208068848;0.625;0.6666666666666666;1.0;34;4;eeg_model_merged;rf
175;0.5243861675262451;0.1056983470916748;0.7083333333333334;0.6666666666666666;0.5;35;0;eeg_model_merged;rf
176;0.5090219974517822;0.10557222366333008;0.6666666666666667;0.5;0.5;35;1;eeg_model_merged;rf
177;0.5236217975616455;0.10571074485778809;0.8333333333333334;0.6666666666666666;1.0;35;2;eeg_model_merged;rf
178;0.5092778205871582;0.10598111152648926;0.25;0.6;0.75;35;3;eeg_model_merged;rf
179;0.5098793506622314;0.10489964485168457;0.7500000000000001;0.75;0.75;35;4;eeg_model_merged;rf
180;0.5099308490753174;0.10525798797607422;0.8333333333333334;0.8;1.0;36;0;eeg_model_merged;rf
181;0.5103073120117188;0.10499238967895508;0.7500000000000001;0.6666666666666666;1.0;36;1;eeg_model_merged;rf
182;0.5100908279418945;0.10566854476928711;0.6666666666666667;0.75;0.75;36;2;eeg_model_merged;rf
183;0.5108551979064941;0.10544300079345703;0.9166666666666667;0.75;0.75;36;3;eeg_model_merged;rf
184;0.5118222236633301;0.10485315322875977;0.5;0.5;0.75;36;4;eeg_model_merged;rf
185;0.5323524475097656;0.10662102699279785;0.5833333333333334;0.0;0.0;37;0;eeg_model_merged;rf
186;0.516556978225708;0.129929780960083;1.0;1.0;1.0;37;1;eeg_model_merged;rf
187;0.5104954242706299;0.10497307777404785;0.6666666666666667;0.5714285714285714;1.0;37;2;eeg_model_merged;rf
188;0.5099236965179443;0.10544276237487793;0.75;0.6666666666666666;1.0;37;3;eeg_model_merged;rf
189;0.5093710422515869;0.10545992851257324;0.8333333333333334;0.75;0.75;37;4;eeg_model_merged;rf
190;0.5079519748687744;0.10530257225036621;0.8333333333333334;0.8;1.0;38;0;eeg_model_merged;rf
191;0.5093684196472168;0.10555410385131836;0.5833333333333334;0.6;0.75;38;1;eeg_model_merged;rf
192;0.5101790428161621;0.10539054870605469;0.8333333333333334;0.5714285714285714;1.0;38;2;eeg_model_merged;rf
193;0.5106098651885986;0.1054375171661377;0.16666666666666669;0.4;0.5;38;3;eeg_model_merged;rf
194;0.5100388526916504;0.10520076751708984;1.0;1.0;0.75;38;4;eeg_model_merged;rf
195;0.5103240013122559;0.10452604293823242;0.75;0.6;0.75;39;0;eeg_model_merged;rf
196;0.5100879669189453;0.10560274124145508;0.33333333333333337;0.6;0.75;39;1;eeg_model_merged;rf
197;0.5087893009185791;0.1051480770111084;0.33333333333333337;0.6;0.75;39;2;eeg_model_merged;rf
198;0.5075814723968506;0.10568976402282715;0.6666666666666667;0.5;0.25;39;3;eeg_model_merged;rf
199;0.5085675716400146;0.10568976402282715;0.9166666666666667;0.8;1.0;39;4;eeg_model_merged;rf
200;0.5106284618377686;0.10534858703613281;0.5;0.4;0.5;40;0;eeg_model_merged;rf
201;0.5099267959594727;0.10572671890258789;0.45833333333333337;0.6;0.75;40;1;eeg_model_merged;rf
202;0.5103862285614014;0.10553860664367676;0.6666666666666667;0.75;0.75;40;2;eeg_model_merged;rf
203;0.5112383365631104;0.10557389259338379;0.9166666666666667;1.0;0.75;40;3;eeg_model_merged;rf
204;0.5119633674621582;0.10573577880859375;0.8333333333333334;0.6;0.75;40;4;eeg_model_merged;rf
205;0.5093891620635986;0.1294708251953125;0.5416666666666667;0.5;0.25;41;0;eeg_model_merged;rf
206;0.5090937614440918;0.10574054718017578;1.0;0.6666666666666666;1.0;41;1;eeg_model_merged;rf
207;0.5090303421020508;0.1054534912109375;0.5;0.5;0.5;41;2;eeg_model_merged;rf
208;0.5106093883514404;0.10601234436035156;0.8333333333333334;0.75;0.75;41;3;eeg_model_merged;rf
209;0.5114626884460449;0.10592794418334961;0.7500000000000001;0.8;1.0;41;4;eeg_model_merged;rf
210;0.5107414722442627;0.10585832595825195;0.6666666666666667;0.5;0.5;42;0;eeg_model_merged;rf
211;0.5102121829986572;0.10584640502929688;0.9166666666666667;0.5714285714285714;1.0;42;1;eeg_model_merged;rf
212;0.5116074085235596;0.10610365867614746;0.9166666666666667;1.0;0.25;42;2;eeg_model_merged;rf
213;0.5100448131561279;0.10614848136901855;0.41666666666666663;0.5;0.75;42;3;eeg_model_merged;rf
214;0.5109195709228516;0.10563540458679199;0.7500000000000001;0.8;1.0;42;4;eeg_model_merged;rf
215;0.5126967430114746;0.10515308380126953;0.5833333333333334;0.6;0.75;43;0;eeg_model_merged;rf
216;0.510798454284668;0.10552477836608887;0.5833333333333334;0.6666666666666666;0.5;43;1;eeg_model_merged;rf
217;0.5121610164642334;0.10523653030395508;0.8333333333333334;0.6666666666666666;0.5;43;2;eeg_model_merged;rf
218;0.5120880603790283;0.1054842472076416;0.8333333333333334;0.6;0.75;43;3;eeg_model_merged;rf
219;0.5108027458190918;0.10523223876953125;0.4166666666666667;0.3333333333333333;0.25;43;4;eeg_model_merged;rf
220;0.5116264820098877;0.129439115524292;0.7500000000000001;0.8;1.0;44;0;eeg_model_merged;rf
221;0.5117673873901367;0.1061708927154541;0.8333333333333334;0.75;0.75;44;1;eeg_model_merged;rf
222;0.5132031440734863;0.10402154922485352;0.9166666666666667;0.5714285714285714;1.0;44;2;eeg_model_merged;rf
223;0.509711742401123;0.1059427261352539;0.7500000000000001;0.75;0.75;44;3;eeg_model_merged;rf
224;0.5108680725097656;0.10582208633422852;0.5833333333333334;0.6666666666666666;0.5;44;4;eeg_model_merged;rf
225;0.5124943256378174;0.10600781440734863;0.9166666666666667;1.0;0.75;45;0;eeg_model_merged;rf
226;0.5095100402832031;0.10493063926696777;0.5;0.5;0.25;45;1;eeg_model_merged;rf
227;0.5119993686676025;0.10546588897705078;0.5833333333333334;0.6666666666666666;1.0;45;2;eeg_model_merged;rf
228;0.512782096862793;0.10566353797912598;0.8333333333333334;0.75;0.75;45;3;eeg_model_merged;rf
229;0.5111892223358154;0.1057736873626709;0.41666666666666663;0.5714285714285714;1.0;45;4;eeg_model_merged;rf
230;0.5114011764526367;0.10498619079589844;0.6666666666666667;0.6666666666666666;0.5;46;0;eeg_model_merged;rf
231;0.5125072002410889;0.10536861419677734;0.8333333333333334;0.8;1.0;46;1;eeg_model_merged;rf
232;0.5118892192840576;0.10582113265991211;0.7500000000000001;0.75;0.75;46;2;eeg_model_merged;rf
233;0.5094869136810303;0.10596299171447754;0.5833333333333334;0.6;0.75;46;3;eeg_model_merged;rf
234;0.5117535591125488;0.1055750846862793;0.6666666666666666;0.75;0.75;46;4;eeg_model_merged;rf
235;0.5111958980560303;0.10629796981811523;0.5833333333333334;0.6;0.75;47;0;eeg_model_merged;rf
236;0.51190185546875;0.10583996772766113;0.6666666666666667;0.6;0.75;47;1;eeg_model_merged;rf
237;0.5113167762756348;0.10643887519836426;0.6666666666666666;0.5;0.75;47;2;eeg_model_merged;rf
238;0.5112144947052002;0.10543084144592285;0.6666666666666667;0.6666666666666666;0.5;47;3;eeg_model_merged;rf
239;0.5100414752960205;0.10638761520385742;0.9166666666666667;0.75;0.75;47;4;eeg_model_merged;rf
240;0.514268159866333;0.13059353828430176;0.33333333333333337;0.5;0.75;48;0;eeg_model_merged;rf
241;0.5148646831512451;0.10596823692321777;0.25;0.5;0.75;48;1;eeg_model_merged;rf
242;0.5108039379119873;0.10547494888305664;0.6666666666666667;0.6666666666666666;1.0;48;2;eeg_model_merged;rf
243;0.5117249488830566;0.1054677963256836;1.0;1.0;0.5;48;3;eeg_model_merged;rf
244;0.5115010738372803;0.10536766052246094;0.7500000000000001;0.75;0.75;48;4;eeg_model_merged;rf
245;0.5112431049346924;0.10556745529174805;1.0;1.0;0.75;49;0;eeg_model_merged;rf
246;0.5095193386077881;0.1041250228881836;0.25;0.5714285714285714;1.0;49;1;eeg_model_merged;rf
247;0.5082786083221436;0.1058495044708252;0.5;0.5;0.5;49;2;eeg_model_merged;rf
248;0.5122044086456299;0.10565495491027832;1.0;1.0;0.75;49;3;eeg_model_merged;rf
249;0.509152889251709;0.10581636428833008;0.2916666666666667;0.5;0.75;49;4;eeg_model_merged;rf
250;0.510094404220581;0.10513043403625488;0.5;0.6;0.75;50;0;eeg_model_merged;rf
251;0.5109992027282715;0.10590147972106934;0.41666666666666663;0.5714285714285714;1.0;50;1;eeg_model_merged;rf
252;0.5116991996765137;0.10584092140197754;0.5;0.6666666666666666;1.0;50;2;eeg_model_merged;rf
253;0.511225700378418;0.10602450370788574;0.75;0.75;0.75;50;3;eeg_model_merged;rf
254;0.511136531829834;0.10606575012207031;0.9166666666666667;1.0;0.25;50;4;eeg_model_merged;rf
255;0.5135855674743652;0.10558080673217773;1.0;1.0;1.0;51;0;eeg_model_merged;rf
256;0.5122175216674805;0.10567903518676758;0.6666666666666667;0.8;1.0;51;1;eeg_model_merged;rf
257;0.5100107192993164;0.12975859642028809;0.5833333333333334;0.6;0.75;51;2;eeg_model_merged;rf
258;0.5109009742736816;0.10529088973999023;0.5833333333333334;0.6666666666666666;0.5;51;3;eeg_model_merged;rf
259;0.5106711387634277;0.10731792449951172;0.25;0.4;0.5;51;4;eeg_model_merged;rf
260;0.511258602142334;0.10619425773620605;0.33333333333333337;0.5;0.5;52;0;eeg_model_merged;rf
261;0.5113964080810547;0.10662269592285156;0.5;0.3333333333333333;0.25;52;1;eeg_model_merged;rf
262;0.5102477073669434;0.106170654296875;0.8333333333333334;0.75;0.75;52;2;eeg_model_merged;rf
263;0.5110046863555908;0.10582756996154785;0.7500000000000001;0.8;1.0;52;3;eeg_model_merged;rf
264;0.5112912654876709;0.1055610179901123;0.8333333333333334;0.75;0.75;52;4;eeg_model_merged;rf
265;0.5121862888336182;0.10603761672973633;0.5833333333333334;0.6666666666666666;0.5;53;0;eeg_model_merged;rf
266;0.5104262828826904;0.10585451126098633;0.5;0.5714285714285714;1.0;53;1;eeg_model_merged;rf
267;0.5123353004455566;0.10632133483886719;0.8333333333333334;0.8;1.0;53;2;eeg_model_merged;rf
268;0.5114014148712158;0.10641336441040039;0.33333333333333337;0.6;0.75;53;3;eeg_model_merged;rf
269;0.5111186504364014;0.10547232627868652;0.7916666666666667;0.6666666666666666;0.5;53;4;eeg_model_merged;rf
270;0.512596607208252;0.10554838180541992;0.8333333333333334;0.75;0.75;54;0;eeg_model_merged;rf
271;0.5130257606506348;0.10318541526794434;0.8333333333333334;1.0;0.5;54;1;eeg_model_merged;rf
272;0.5125842094421387;0.10599517822265625;0.6666666666666667;0.6;0.75;54;2;eeg_model_merged;rf
273;0.5121407508850098;0.10639238357543945;0.5833333333333333;0.5714285714285714;1.0;54;3;eeg_model_merged;rf
274;0.5358719825744629;0.10626006126403809;0.9166666666666667;0.75;0.75;54;4;eeg_model_merged;rf
275;0.5117197036743164;0.10574603080749512;1.0;1.0;0.75;55;0;eeg_model_merged;rf
276;0.5126299858093262;0.1058797836303711;1.0;1.0;0.75;55;1;eeg_model_merged;rf
277;0.513150691986084;0.10583019256591797;0.16666666666666669;0.5714285714285714;1.0;55;2;eeg_model_merged;rf
278;0.5122909545898438;0.10526704788208008;0.8333333333333334;0.75;0.75;55;3;eeg_model_merged;rf
279;0.5120508670806885;0.10567665100097656;0.41666666666666663;0.6;0.75;55;4;eeg_model_merged;rf
280;0.5119743347167969;0.10527968406677246;0.8333333333333334;0.8;1.0;56;0;eeg_model_merged;rf
281;0.5113070011138916;0.10558390617370605;0.9166666666666667;0.8;1.0;56;1;eeg_model_merged;rf
282;0.5113916397094727;0.10534954071044922;0.33333333333333337;0.4;0.5;56;2;eeg_model_merged;rf
283;0.5120916366577148;0.1053762435913086;0.5833333333333334;0.6;0.75;56;3;eeg_model_merged;rf
284;0.5119180679321289;0.10557937622070312;0.75;0.6666666666666666;0.5;56;4;eeg_model_merged;rf
285;0.5113708972930908;0.10520458221435547;0.5;0.6666666666666666;1.0;57;0;eeg_model_merged;rf
286;0.5106182098388672;0.10533308982849121;0.6666666666666667;0.5714285714285714;1.0;57;1;eeg_model_merged;rf
287;0.5119357109069824;0.10576295852661133;0.7500000000000001;0.75;0.75;57;2;eeg_model_merged;rf
288;0.5128002166748047;0.13042712211608887;0.75;0.6;0.75;57;3;eeg_model_merged;rf
289;0.511538028717041;0.10523271560668945;1.0;1.0;1.0;57;4;eeg_model_merged;rf
290;0.5105319023132324;0.10556364059448242;0.8333333333333334;1.0;0.5;58;0;eeg_model_merged;rf
291;0.5130956172943115;0.10585904121398926;0.5833333333333334;0.75;0.75;58;1;eeg_model_merged;rf
292;0.5112617015838623;0.1060495376586914;0.25;0.5;0.75;58;2;eeg_model_merged;rf
293;0.5115387439727783;0.10500621795654297;1.0;0.8;1.0;58;3;eeg_model_merged;rf
294;0.5116584300994873;0.1052408218383789;0.6666666666666667;0.6;0.75;58;4;eeg_model_merged;rf
295;0.5127935409545898;0.10686469078063965;1.0;0.8;1.0;59;0;eeg_model_merged;rf
296;0.5099656581878662;0.10598254203796387;0.8333333333333334;1.0;0.5;59;1;eeg_model_merged;rf
297;0.51102614402771;0.10523271560668945;0.4166666666666667;0.6;0.75;59;2;eeg_model_merged;rf
298;0.5115833282470703;0.10590791702270508;0.6666666666666667;0.6;0.75;59;3;eeg_model_merged;rf
299;0.5122230052947998;0.10561299324035645;0.625;0.5;0.75;59;4;eeg_model_merged;rf
300;0.5150241851806641;0.10589170455932617;0.6666666666666667;0.6666666666666666;0.5;60;0;eeg_model_merged;rf
301;0.5128083229064941;0.1052863597869873;0.5833333333333334;0.6666666666666666;0.5;60;1;eeg_model_merged;rf
302;0.511810302734375;0.10619783401489258;0.5;0.5;0.5;60;2;eeg_model_merged;rf
303;0.5114030838012695;0.10559725761413574;0.75;0.6;0.75;60;3;eeg_model_merged;rf
304;0.5132472515106201;0.10629606246948242;1.0;0.6666666666666666;1.0;60;4;eeg_model_merged;rf
305;0.5175366401672363;0.10543680191040039;0.41666666666666663;0.5;0.5;61;0;eeg_model_merged;rf
306;0.5101878643035889;0.10554623603820801;0.7500000000000001;0.6666666666666666;0.5;61;1;eeg_model_merged;rf
307;0.5121772289276123;0.10582923889160156;0.8333333333333334;0.75;0.75;61;2;eeg_model_merged;rf
308;0.5115642547607422;0.13032793998718262;0.75;0.6666666666666666;1.0;61;3;eeg_model_merged;rf
309;0.5117447376251221;0.10552310943603516;0.6666666666666667;0.0;0.0;61;4;eeg_model_merged;rf
310;0.5129067897796631;0.10551857948303223;0.9166666666666667;1.0;0.5;62;0;eeg_model_merged;rf
311;0.5102159976959229;0.10602736473083496;0.9166666666666667;0.8;1.0;62;1;eeg_model_merged;rf
312;0.5111913681030273;0.10556626319885254;0.6666666666666667;0.6666666666666666;1.0;62;2;eeg_model_merged;rf
313;0.5109004974365234;0.10482954978942871;0.5;0.5;0.75;62;3;eeg_model_merged;rf
314;0.5124342441558838;0.1052405834197998;0.5833333333333334;0.6666666666666666;1.0;62;4;eeg_model_merged;rf
315;0.5107061862945557;0.10540342330932617;0.7500000000000001;0.8;1.0;63;0;eeg_model_merged;rf
316;0.5127978324890137;0.10582971572875977;1.0;1.0;1.0;63;1;eeg_model_merged;rf
317;0.5113320350646973;0.10639357566833496;0.3333333333333333;0.3333333333333333;0.25;63;2;eeg_model_merged;rf
318;0.5111227035522461;0.10518002510070801;0.5;0.5;0.75;63;3;eeg_model_merged;rf
319;0.5119986534118652;0.10697269439697266;0.5;0.6;0.75;63;4;eeg_model_merged;rf
320;0.510202169418335;0.10548043251037598;0.9166666666666667;1.0;0.5;64;0;eeg_model_merged;rf
321;0.5106384754180908;0.1058206558227539;0.75;0.6;0.75;64;1;eeg_model_merged;rf
322;0.5124447345733643;0.10548949241638184;0.41666666666666663;0.5;0.5;64;2;eeg_model_merged;rf
323;0.5107719898223877;0.10608601570129395;0.5833333333333334;0.5;0.5;64;3;eeg_model_merged;rf
324;0.5113527774810791;0.10574483871459961;0.9166666666666667;0.6666666666666666;1.0;64;4;eeg_model_merged;rf
325;0.5125775337219238;0.10525965690612793;0.5;0.6;0.75;65;0;eeg_model_merged;rf
326;0.5111293792724609;0.10529923439025879;1.0;1.0;0.75;65;1;eeg_model_merged;rf
327;0.5124104022979736;0.13065719604492188;0.8333333333333334;0.6666666666666666;0.5;65;2;eeg_model_merged;rf
328;0.5123438835144043;0.10561084747314453;0.8333333333333334;0.8;1.0;65;3;eeg_model_merged;rf
329;0.5115318298339844;0.10574674606323242;0.3333333333333333;0.5;0.5;65;4;eeg_model_merged;rf
330;0.506833553314209;0.10477447509765625;1.0;1.0;0.5;66;0;eeg_model_merged;rf
331;0.5111823081970215;0.10541272163391113;0.5833333333333334;0.6666666666666666;0.5;66;1;eeg_model_merged;rf
332;0.5108377933502197;0.10589814186096191;0.3333333333333333;0.6;0.75;66;2;eeg_model_merged;rf
333;0.510711669921875;0.10583686828613281;0.5;0.6666666666666666;1.0;66;3;eeg_model_merged;rf
334;0.5116958618164062;0.10497188568115234;0.6666666666666667;0.6666666666666666;1.0;66;4;eeg_model_merged;rf
335;0.5137479305267334;0.10535883903503418;1.0;1.0;0.5;67;0;eeg_model_merged;rf
336;0.5131082534790039;0.10557007789611816;0.6666666666666667;0.6;0.75;67;1;eeg_model_merged;rf
337;0.5114912986755371;0.10564041137695312;0.8333333333333334;0.5714285714285714;1.0;67;2;eeg_model_merged;rf
338;0.5112564563751221;0.10503530502319336;0.5833333333333334;0.6666666666666666;1.0;67;3;eeg_model_merged;rf
339;0.5125679969787598;0.10559988021850586;0.6666666666666667;0.75;0.75;67;4;eeg_model_merged;rf
340;0.5115063190460205;0.10494232177734375;0.6666666666666667;0.6666666666666666;0.5;68;0;eeg_model_merged;rf
341;0.5138282775878906;0.10618233680725098;0.8333333333333334;0.75;0.75;68;1;eeg_model_merged;rf
342;0.5146534442901611;0.12966036796569824;0.7500000000000001;0.8;1.0;68;2;eeg_model_merged;rf
343;0.5100498199462891;0.10387086868286133;0.8333333333333334;0.6666666666666666;1.0;68;3;eeg_model_merged;rf
344;0.5128839015960693;0.10544586181640625;0.16666666666666669;0.5;0.75;68;4;eeg_model_merged;rf
345;0.5115108489990234;0.1053473949432373;0.4166666666666667;0.3333333333333333;0.25;69;0;eeg_model_merged;rf
346;0.5113766193389893;0.10537195205688477;0.5833333333333334;0.5;0.25;69;1;eeg_model_merged;rf
347;0.5116324424743652;0.10590124130249023;1.0;1.0;1.0;69;2;eeg_model_merged;rf
348;0.5120654106140137;0.10495114326477051;0.8333333333333334;0.6666666666666666;1.0;69;3;eeg_model_merged;rf
349;0.5112946033477783;0.10579967498779297;0.75;0.5;0.75;69;4;eeg_model_merged;rf
350;0.5108826160430908;0.10515069961547852;0.4166666666666667;0.6;0.75;70;0;eeg_model_merged;rf
351;0.5122067928314209;0.10561299324035645;1.0;1.0;0.5;70;1;eeg_model_merged;rf
352;0.5119075775146484;0.10519695281982422;0.5833333333333334;0.6;0.75;70;2;eeg_model_merged;rf
353;0.5129764080047607;0.10617303848266602;0.8333333333333334;0.5714285714285714;1.0;70;3;eeg_model_merged;rf
354;0.5109124183654785;0.10526442527770996;0.41666666666666663;0.6;0.75;70;4;eeg_model_merged;rf
355;0.51009202003479;0.1058504581451416;0.25;0.3333333333333333;0.25;71;0;eeg_model_merged;rf
356;0.512444019317627;0.10528135299682617;0.6666666666666667;0.75;0.75;71;1;eeg_model_merged;rf
357;0.5115232467651367;0.10543465614318848;0.75;0.6666666666666666;1.0;71;2;eeg_model_merged;rf
358;0.5117132663726807;0.10602569580078125;0.9166666666666667;0.8;1.0;71;3;eeg_model_merged;rf
359;0.5112857818603516;0.10542702674865723;0.6666666666666667;0.6666666666666666;0.5;71;4;eeg_model_merged;rf
360;0.5124967098236084;0.10561156272888184;0.9166666666666667;1.0;0.5;72;0;eeg_model_merged;rf
361;0.5115716457366943;0.10581350326538086;0.16666666666666669;0.4;0.5;72;1;eeg_model_merged;rf
362;0.5123798847198486;0.13009142875671387;0.5;0.5;0.5;72;2;eeg_model_merged;rf
363;0.5124142169952393;0.1060633659362793;1.0;0.8;1.0;72;3;eeg_model_merged;rf
364;0.5121273994445801;0.10577535629272461;0.8333333333333334;0.75;0.75;72;4;eeg_model_merged;rf
365;0.5115649700164795;0.10497832298278809;0.75;0.5714285714285714;1.0;73;0;eeg_model_merged;rf
366;0.5119576454162598;0.10581445693969727;0.5833333333333334;0.75;0.75;73;1;eeg_model_merged;rf
367;0.511195182800293;0.1056661605834961;0.8333333333333334;0.6666666666666666;0.5;73;2;eeg_model_merged;rf
368;0.5096166133880615;0.10628890991210938;0.9166666666666667;1.0;0.75;73;3;eeg_model_merged;rf
369;0.5093226432800293;0.10657572746276855;0.875;0.6666666666666666;1.0;73;4;eeg_model_merged;rf
370;0.5098302364349365;0.10581135749816895;0.6666666666666667;0.6;0.75;74;0;eeg_model_merged;rf
371;0.5111184120178223;0.10593891143798828;0.5;0.5;0.75;74;1;eeg_model_merged;rf
372;0.5138399600982666;0.1058189868927002;0.8333333333333334;1.0;0.5;74;2;eeg_model_merged;rf
373;0.5122084617614746;0.10627365112304688;0.8333333333333334;0.6666666666666666;0.5;74;3;eeg_model_merged;rf
374;0.5122523307800293;0.10626220703125;0.5416666666666667;0.5714285714285714;1.0;74;4;eeg_model_merged;rf
375;0.512009859085083;0.10585260391235352;0.7500000000000001;0.8;1.0;75;0;eeg_model_merged;rf
376;0.511474609375;0.1061716079711914;0.6666666666666666;0.5;0.75;75;1;eeg_model_merged;rf
377;0.5143313407897949;0.10643720626831055;0.5416666666666667;0.5;0.5;75;2;eeg_model_merged;rf
378;0.5126266479492188;0.10657930374145508;1.0;1.0;0.75;75;3;eeg_model_merged;rf
379;0.5115725994110107;0.13004565238952637;0.6666666666666667;0.6666666666666666;1.0;75;4;eeg_model_merged;rf
380;0.5112044811248779;0.1049799919128418;0.8333333333333334;1.0;0.5;76;0;eeg_model_merged;rf
381;0.511669397354126;0.10593581199645996;0.8333333333333334;0.8;1.0;76;1;eeg_model_merged;rf
382;0.5113358497619629;0.10625410079956055;0.5;0.5714285714285714;1.0;76;2;eeg_model_merged;rf
383;0.5108795166015625;0.10591912269592285;0.5833333333333334;0.6;0.75;76;3;eeg_model_merged;rf
384;0.5114858150482178;0.10555911064147949;0.625;0.6;0.75;76;4;eeg_model_merged;rf
385;0.5121417045593262;0.10545158386230469;1.0;1.0;0.75;77;0;eeg_model_merged;rf
386;0.5119297504425049;0.10673809051513672;0.5;0.5;0.25;77;1;eeg_model_merged;rf
387;0.5122513771057129;0.10530686378479004;0.6666666666666667;0.0;0.0;77;2;eeg_model_merged;rf
388;0.5122096538543701;0.10521602630615234;0.33333333333333337;0.5;0.75;77;3;eeg_model_merged;rf
389;0.5124530792236328;0.10564565658569336;0.7500000000000001;0.6666666666666666;1.0;77;4;eeg_model_merged;rf
390;0.5116744041442871;0.10558056831359863;0.4166666666666667;0.3333333333333333;0.25;78;0;eeg_model_merged;rf
391;0.5126240253448486;0.10569977760314941;0.5833333333333334;0.6;0.75;78;1;eeg_model_merged;rf
392;0.5122296810150146;0.1062626838684082;1.0;1.0;1.0;78;2;eeg_model_merged;rf
393;0.5132839679718018;0.10585784912109375;1.0;1.0;1.0;78;3;eeg_model_merged;rf
394;0.5130083560943604;0.10647869110107422;0.5;0.5;0.75;78;4;eeg_model_merged;rf
395;0.5128474235534668;0.10617637634277344;0.7916666666666667;0.6666666666666666;0.5;79;0;eeg_model_merged;rf
396;0.5363004207611084;0.1048588752746582;1.0;1.0;0.75;79;1;eeg_model_merged;rf
397;0.5114390850067139;0.10597848892211914;0.5833333333333334;0.75;0.75;79;2;eeg_model_merged;rf
398;0.5118238925933838;0.10646915435791016;0.33333333333333337;0.4;0.5;79;3;eeg_model_merged;rf
399;0.5277750492095947;0.10754179954528809;0.5;0.5;0.5;79;4;eeg_model_merged;rf
400;0.533865213394165;0.10666441917419434;0.5833333333333334;0.6;0.75;80;0;eeg_model_merged;rf
401;0.5342845916748047;0.1068122386932373;0.41666666666666663;0.6;0.75;80;1;eeg_model_merged;rf
402;0.51875901222229;0.10600805282592773;0.5;0.5;0.5;80;2;eeg_model_merged;rf
403;0.5114130973815918;0.10511159896850586;1.0;1.0;0.75;80;3;eeg_model_merged;rf
404;0.5117459297180176;0.1049506664276123;0.6666666666666667;0.6666666666666666;0.5;80;4;eeg_model_merged;rf
405;0.5108716487884521;0.10478925704956055;0.3333333333333333;0.3333333333333333;0.25;81;0;eeg_model_merged;rf
406;0.5117535591125488;0.10611200332641602;0.75;0.75;0.75;81;1;eeg_model_merged;rf
407;0.5108301639556885;0.1062614917755127;0.5;0.5;0.5;81;2;eeg_model_merged;rf
408;0.5121457576751709;0.10627007484436035;0.5;0.5;0.5;81;3;eeg_model_merged;rf
409;0.5125160217285156;0.10582375526428223;0.7500000000000001;0.6666666666666666;0.5;81;4;eeg_model_merged;rf
410;0.5113437175750732;0.13001275062561035;0.5;0.6;0.75;82;0;eeg_model_merged;rf
411;0.5113358497619629;0.10533499717712402;0.6666666666666667;0.8;1.0;82;1;eeg_model_merged;rf
412;0.5125536918640137;0.10535073280334473;0.75;0.5714285714285714;1.0;82;2;eeg_model_merged;rf
413;0.511981725692749;0.10581135749816895;1.0;1.0;0.5;82;3;eeg_model_merged;rf
414;0.5123748779296875;0.10578346252441406;0.33333333333333337;0.3333333333333333;0.25;82;4;eeg_model_merged;rf
415;0.5123703479766846;0.10508608818054199;0.6666666666666667;0.75;0.75;83;0;eeg_model_merged;rf
416;0.514380693435669;0.10481739044189453;0.8333333333333334;0.6;0.75;83;1;eeg_model_merged;rf
417;0.5102005004882812;0.10543608665466309;0.4166666666666667;0.5;0.25;83;2;eeg_model_merged;rf
418;0.5119578838348389;0.10607647895812988;0.75;0.75;0.75;83;3;eeg_model_merged;rf
419;0.5121026039123535;0.1058199405670166;0.5;0.5;0.5;83;4;eeg_model_merged;rf
420;0.51186203956604;0.10534286499023438;0.6666666666666667;0.75;0.75;84;0;eeg_model_merged;rf
421;0.5116074085235596;0.10586786270141602;0.7500000000000001;0.5;0.25;84;1;eeg_model_merged;rf
422;0.5111701488494873;0.10623669624328613;0.75;0.6666666666666666;1.0;84;2;eeg_model_merged;rf
423;0.5104770660400391;0.10520148277282715;0.6666666666666667;0.75;0.75;84;3;eeg_model_merged;rf
424;0.5116660594940186;0.10606646537780762;0.5;0.5;0.5;84;4;eeg_model_merged;rf
425;0.5125570297241211;0.1051795482635498;0.5833333333333334;0.5;0.5;85;0;eeg_model_merged;rf
426;0.5119502544403076;0.10618042945861816;0.4166666666666667;0.6;0.75;85;1;eeg_model_merged;rf
427;0.511406660079956;0.10576033592224121;0.6666666666666667;0.75;0.75;85;2;eeg_model_merged;rf
428;0.5126018524169922;0.10518646240234375;0.8333333333333334;0.6;0.75;85;3;eeg_model_merged;rf
429;0.5115499496459961;0.10535168647766113;0.8333333333333334;0.8;1.0;85;4;eeg_model_merged;rf
430;0.5110921859741211;0.13005828857421875;0.8333333333333334;1.0;0.5;86;0;eeg_model_merged;rf
431;0.5114433765411377;0.10509490966796875;0.9166666666666667;0.8;1.0;86;1;eeg_model_merged;rf
432;0.5107617378234863;0.10595583915710449;0.5833333333333334;0.6666666666666666;1.0;86;2;eeg_model_merged;rf
433;0.5123291015625;0.10595464706420898;0.75;0.6;0.75;86;3;eeg_model_merged;rf
434;0.5106444358825684;0.10553908348083496;0.8333333333333334;0.6666666666666666;0.5;86;4;eeg_model_merged;rf
435;0.511328935623169;0.1047663688659668;0.8333333333333334;0.6666666666666666;0.5;87;0;eeg_model_merged;rf
436;0.5107626914978027;0.10569405555725098;0.375;0.5;0.75;87;1;eeg_model_merged;rf
437;0.5113503932952881;0.10589432716369629;0.75;0.75;0.75;87;2;eeg_model_merged;rf
438;0.511890172958374;0.10549044609069824;0.5833333333333334;0.6666666666666666;0.5;87;3;eeg_model_merged;rf
439;0.5124843120574951;0.12212729454040527;0.9166666666666667;0.8;1.0;87;4;eeg_model_merged;rf
440;0.5133919715881348;0.10729479789733887;0.5;0.6666666666666666;0.5;88;0;eeg_model_merged;rf
441;0.5125017166137695;0.10735535621643066;0.7500000000000001;0.6666666666666666;0.5;88;1;eeg_model_merged;rf
442;0.5110514163970947;0.10636520385742188;0.5833333333333334;0.6;0.75;88;2;eeg_model_merged;rf
443;0.5123157501220703;0.10553765296936035;0.6666666666666667;0.6;0.75;88;3;eeg_model_merged;rf
444;0.5118887424468994;0.10603213310241699;0.5;0.3333333333333333;0.25;88;4;eeg_model_merged;rf
445;0.5121939182281494;0.10575342178344727;0.5833333333333334;0.5;0.5;89;0;eeg_model_merged;rf
446;0.5122625827789307;0.1053628921508789;1.0;0.8;1.0;89;1;eeg_model_merged;rf
447;0.5113356113433838;0.10552787780761719;0.625;0.6666666666666666;1.0;89;2;eeg_model_merged;rf
448;0.5115797519683838;0.10542106628417969;0.8333333333333334;0.75;0.75;89;3;eeg_model_merged;rf
449;0.5134387016296387;0.13034415245056152;0.4166666666666667;0.5;0.5;89;4;eeg_model_merged;rf
450;0.511216402053833;0.10497188568115234;0.9166666666666667;0.8;1.0;90;0;eeg_model_merged;rf
451;0.5115327835083008;0.10521483421325684;0.4166666666666667;0.5;0.75;90;1;eeg_model_merged;rf
452;0.5121145248413086;0.1049504280090332;0.5833333333333334;0.6;0.75;90;2;eeg_model_merged;rf
453;0.5121908187866211;0.10569286346435547;0.7500000000000001;0.6666666666666666;0.5;90;3;eeg_model_merged;rf
454;0.511652946472168;0.10639023780822754;0.8333333333333334;0.75;0.75;90;4;eeg_model_merged;rf
455;0.5120494365692139;0.10521173477172852;0.6666666666666667;0.6666666666666666;0.5;91;0;eeg_model_merged;rf
456;0.5114598274230957;0.10580325126647949;0.7500000000000001;0.6666666666666666;1.0;91;1;eeg_model_merged;rf
457;0.5128762722015381;0.10536527633666992;0.75;0.6;0.75;91;2;eeg_model_merged;rf
458;0.512521505355835;0.1052699089050293;0.41666666666666663;0.3333333333333333;0.25;91;3;eeg_model_merged;rf
459;0.5117688179016113;0.10488462448120117;0.5833333333333334;0.6666666666666666;1.0;91;4;eeg_model_merged;rf
460;0.5100955963134766;0.10494422912597656;0.5416666666666667;0.6666666666666666;1.0;92;0;eeg_model_merged;rf
461;0.5128791332244873;0.10560321807861328;0.7500000000000001;0.75;0.75;92;1;eeg_model_merged;rf
462;0.5114424228668213;0.10600972175598145;0.5833333333333334;0.5;0.5;92;2;eeg_model_merged;rf
463;0.5117292404174805;0.10616731643676758;0.75;1.0;0.75;92;3;eeg_model_merged;rf
464;0.5119640827178955;0.1299271583557129;0.8333333333333334;0.75;0.75;92;4;eeg_model_merged;rf
465;0.5101051330566406;0.10579299926757812;0.5;0.5714285714285714;1.0;93;0;eeg_model_merged;rf
466;0.510488748550415;0.10501360893249512;0.9166666666666667;1.0;0.75;93;1;eeg_model_merged;rf
467;0.5221555233001709;0.10563135147094727;0.6666666666666667;0.75;0.75;93;2;eeg_model_merged;rf
468;0.5127263069152832;0.10558676719665527;0.625;0.6666666666666666;1.0;93;3;eeg_model_merged;rf
469;0.5105340480804443;0.10566854476928711;1.0;1.0;1.0;93;4;eeg_model_merged;rf
470;0.5101542472839355;0.10518264770507812;0.33333333333333337;0.5;0.75;94;0;eeg_model_merged;rf
471;0.5121424198150635;0.10618877410888672;1.0;1.0;1.0;94;1;eeg_model_merged;rf
472;0.5131561756134033;0.10578680038452148;0.9166666666666667;1.0;0.5;94;2;eeg_model_merged;rf
473;0.5132718086242676;0.1051328182220459;0.5;0.5;0.5;94;3;eeg_model_merged;rf
474;0.5121216773986816;0.10529613494873047;0.6666666666666667;0.6;0.75;94;4;eeg_model_merged;rf
475;0.5099997520446777;0.10551953315734863;0.5833333333333334;0.6;0.75;95;0;eeg_model_merged;rf
476;0.5137534141540527;0.10562944412231445;0.9166666666666667;0.75;0.75;95;1;eeg_model_merged;rf
477;0.5112936496734619;0.10615777969360352;0.5;0.5;0.75;95;2;eeg_model_merged;rf
478;0.5120754241943359;0.1052861213684082;0.8333333333333334;0.8;1.0;95;3;eeg_model_merged;rf
479;0.5130879878997803;0.1055905818939209;0.6666666666666667;0.5;0.25;95;4;eeg_model_merged;rf
480;0.5125777721405029;0.10549759864807129;0.8333333333333334;1.0;0.25;96;0;eeg_model_merged;rf
481;0.5124144554138184;0.10639595985412598;0.75;0.6666666666666666;1.0;96;1;eeg_model_merged;rf
482;0.5125491619110107;0.10558676719665527;0.5833333333333334;0.6;0.75;96;2;eeg_model_merged;rf
483;0.5115554332733154;0.10636663436889648;0.7500000000000001;0.6666666666666666;0.5;96;3;eeg_model_merged;rf
484;0.5112297534942627;0.13004374504089355;0.5;0.5;0.75;96;4;eeg_model_merged;rf
485;0.5113022327423096;0.10522341728210449;0.75;0.75;0.75;97;0;eeg_model_merged;rf
486;0.5117697715759277;0.10593247413635254;0.5833333333333334;0.5;0.5;97;1;eeg_model_merged;rf
487;0.5115261077880859;0.10554909706115723;0.6666666666666667;0.5714285714285714;1.0;97;2;eeg_model_merged;rf
488;0.511660099029541;0.10629153251647949;0.9166666666666667;0.8;1.0;97;3;eeg_model_merged;rf
489;0.5107319355010986;0.10627388954162598;0.8333333333333334;0.8;1.0;97;4;eeg_model_merged;rf
490;0.5104331970214844;0.10599517822265625;0.45833333333333337;0.6;0.75;98;0;eeg_model_merged;rf
491;0.512026309967041;0.10608339309692383;0.7500000000000001;0.6666666666666666;0.5;98;1;eeg_model_merged;rf
492;0.5112707614898682;0.1063377857208252;0.33333333333333337;0.5;0.75;98;2;eeg_model_merged;rf
493;0.5114572048187256;0.10569381713867188;0.7500000000000001;0.6666666666666666;0.5;98;3;eeg_model_merged;rf
494;0.5127291679382324;0.10583329200744629;0.8333333333333334;0.8;1.0;98;4;eeg_model_merged;rf
495;0.5103917121887207;0.10522651672363281;0.25;0.5714285714285714;1.0;99;0;eeg_model_merged;rf
496;0.5131099224090576;0.10573625564575195;0.5;0.3333333333333333;0.25;99;1;eeg_model_merged;rf
497;0.5115714073181152;0.1063077449798584;0.5833333333333334;0.75;0.75;99;2;eeg_model_merged;rf
498;0.5117449760437012;0.10631799697875977;0.7500000000000001;0.8;1.0;99;3;eeg_model_merged;rf
499;0.5105931758880615;0.1074533462524414;0.9166666666666667;0.75;0.75;99;4;eeg_model_merged;rf
